{"cameraMode":{"drawMode":0,"name":"Shaded","section":"Shading Mode"},"sceneLighting":true,"audioPlay":false,"sceneViewState":{"m_AlwaysRefresh":false,"showFog":true,"showSkybox":true,"showFlares":true,"showImageEffects":true,"showParticleSystems":true,"showVisualEffectGraphs":true,"m_FxEnabled":true},"in2DMode":false,"pivot":{"x":500.64935302734377,"y":1.6029160022735596,"z":503.6471252441406},"rotation":{"x":-0.12225247919559479,"y":0.36722490191459658,"z":-0.04875883832573891,"w":-0.9207751154899597},"size":1.788130760192871,"orthographic":false}